,Facility,CH4_Emissions,err,errr
25,FCA WARREN TRUCK ASSEMBLY PLANT,108855.15,59240.38747846386,107471.93374071487
31,GENERAL MOTORS LLC BEDFORD CETC,108747.5,59240.38747846386,107471.93374071487
